2.3448970317840576,-90.0,-0.5029453039169312,0.4397170001624539,0.5627412067565604,0.4527511047886366,0.3686131071933875,0.5657045039682501,0.329803302634745,0.19098870885062202,97.18538984847466
4.294990539550781,-66.33634185791016,-1.8806309700012207,0.4459692769319988,0.5929756121834853,0.43023254813412676,0.2846715085255864,0.583366320215459,0.3420689401089979,0.03423320549104726,102.23991392797629
5.603823184967041,-32.25001525878906,-2.8371846675872803,0.4119791876188506,0.5628006406260971,0.4359312977731761,0.24577859034056468,0.5792956074061554,0.3333333063849322,0.014116748234385405,100.17983829094555
6.274439811706543,-16.207046508789062,-3.2921085357666016,0.421622784213052,0.6074956909712818,0.4367815991544459,0.24577859034056468,0.5804004046447718,0.3686274243248864,0.02965069659949648,101.17806086301516
6.43305778503418,-10.810958862304688,-3.7640671730041504,0.40701142867057016,0.5698791727243451,0.44705881301038086,0.31428568588975353,0.595667853164433,0.2799999776000013,0.004703604319794093,106.30145812734649
6.431684494018555,-9.64825439453125,-4.464946269989014,0.32031542777829275,0.3468405938579942,0.45930653180516234,0.23076920214583313,0.6250790124097289,0.055045864103280086,0.006660157661722894,106.16967551989597
6.567015647888184,-9.884414672851562,-4.532209873199463,0.17482336574479485,0.16648421798662344,0.5386007119326196,0.4999998881966199,0.5467928351546878,-0.01351351037168599,0.004622501613842722,108.16653826391968
6.655636310577393,-10.26007080078125,-4.440741062164307,0.16220424686240797,0.15886501328330066,0.49976380585991176,0.28048774292866635,0.5558649348639464,-0.10344824869522612,0.010756750268745648,112.21853679316978
6.394525527954102,-9.734329223632812,-3.984839677810669,0.17456018371256454,0.18138805848399736,0.5058674965214955,0.19999995527864797,0.5874009787140426,-0.19178077702532134,0.012675050567532199,118.3427226321923
6.417999267578125,-8.916152954101562,-3.4467527866363525,0.2660554198085725,0.3234497904051228,0.47777776716049397,0.34158411034829167,0.5990990826838852,0.21243520257777973,0.12505286366144394,120.33702672078948
6.589828014373779,-8.113357543945312,-3.0845489501953125,0.3207843033264755,0.3963366184720792,0.46767027588827326,0.3431372156702617,0.6005785754114453,0.2514792625834904,0.14787558995454234,118.3427226321923
6.693974018096924,-7.90875244140625,-3.065390110015869,0.326176490911353,0.4059731440223788,0.47295338250631336,0.3976260694394983,0.598264207105428,0.2634560626068546,0.05235609650693805,118.27087553578015
6.670409679412842,-7.9087371826171875,-2.9848086833953857,0.3438516755551235,0.4474820189486023,0.46252262109843756,0.3541076110307186,0.5779816348708046,0.2695213835255634,0.012065719922320643,117.2092146548214
6.49416971206665,-8.150863647460938,-2.75679874420166,0.3350014215344155,0.4619963405953897,0.4583710309736134,0.3350515123724249,0.5998538116656235,0.2126696630265894,0.021790081954926335,116.21101496846157
5.703592300415039,-8.540557861328125,-2.338820457458496,0.32586888027081506,0.5121202040757018,0.46808509642372137,0.35567006697995873,0.6061353858781094,0.2849915448903953,0.02006210073599038,120.33702672078948
5.087062358856201,-8.896530151367188,-2.10011887550354,0.36339054417149397,0.45202129869301144,0.48371370574887035,0.3965516873190304,0.558179262145958,0.28667788539270533,0.16398602004135576,122.10241602851272
4.651771068572998,-8.9825439453125,-2.4058642387390137,0.40419670141784547,0.4949093940358116,0.47857219356722935,0.34064078146662635,0.5857783760481633,0.3119729929273558,0.17985842605985689,123.14625451064275
4.537900924682617,-9.05950927734375,-2.554135322570801,0.39509026624237903,0.5406952567258673,0.477874176597424,0.34064078146662635,0.580040172530221,0.28882436115734167,0.09138669284176995,125.14391715141412
4.803970813751221,-9.481231689453125,-2.8765134811401367,0.42628130358081034,0.5544035378495598,0.4937851805147471,0.3584905387229316,0.587179471825438,0.3135134904635428,0.01144205032767175,131.0953851209111
4.7045698165893555,-9.919921875,-3.275662660598755,0.38784448835916474,0.594749699227277,0.4708939607724837,0.3029702700657022,0.5683429367645593,0.3254716757597207,0.014486660006202646,132.13629327327143
4.560550689697266,-10.047103881835938,-3.3862977027893066,0.40014062866470823,0.5546330468029729,0.47660310966343195,0.3175182210477695,0.5825278651570499,0.32499997430649546,0.011103498111868188,135.09256086106296
4.399169445037842,-9.958877563476562,-3.1926116943359375,0.40933535865434606,0.5243256339533078,0.4877338777884161,0.3749999703536486,0.5927662271238402,0.31349779904515473,0.01997568224410238,131.06105447462264
4.150899410247803,-9.503311157226562,-3.1153314113616943,0.3227726160364563,0.36439687232302675,0.4829538784409809,0.37685455834937526,0.6324786150454509,0.04844290087522948,0.09007346760604137,132.06059215375342
4.231474876403809,-9.729156494140625,-2.8748767375946045,0.1570625363659821,0.1462491987723304,0.5051524383278018,0.36633656075966237,0.5871007414706543,-0.34999988932030807,0.14308302030648834,130.09611831257686
4.161458969116211,-10.171173095703125,-2.5820536613464355,0.1344946413024038,0.14136913500852796,0.5094143243636764,0.5999998735089136,0.5618811741414953,0.08620687391268844,0.04875968451695032,124.14507642270796
4.183356285095215,-10.826461791992188,-2.4547624588012695,0.1438444967246216,0.1535429038143262,0.5154639068976514,0.4878047703107241,0.5775408956204859,-0.15517237304283918,0.009889004025723186,122.06555615733703
4.14080286026001,-11.606109619140625,-3.0338809490203857,0.18296486579676335,0.1796275427803231,0.5684688557483861,0.8666664839573197,0.5934258439454201,-0.14999996645898597,0.011877439483401399,119.06720791217035
4.13488245010376,-11.9888916015625,-3.5555195808410645,0.29047713688934895,0.3323840039778776,0.5842696497916932,0.6877827128993174,0.6392819990814368,0.05045870876134008,0.01664587224535948,120.14990636700472
4.393733024597168,-11.9051513671875,-3.4603826999664307,0.37429385425816547,0.4314850968955006,0.5668559499493534,0.5849056035663026,0.6724715164207181,0.17411763016693177,0.03147843796250675,121.26417442921878
4.850070476531982,-11.836517333984375,-3.0178728103637695,0.4034250791791474,0.4438269256158409,0.5622317470230285,0.55301450258397,0.689593067557783,0.06588234654964986,0.1320791821199063,122.14745187681976
5.322565078735352,-11.67840576171875,-2.7555787563323975,0.4344610375906194,0.4991976128000686,0.5747126304663762,0.5632183415018023,0.6685714114860444,0.1999999841886126,0.1361782756495294,125.14391715141412
5.661589622497559,-11.823150634765625,-2.6125710010528564,0.45092723458633577,0.49493466678201486,0.5679793286028643,0.5767284517900307,0.6960543512708408,0.15572231296386924,0.18437987375882203,122.20065466273084
5.987866401672363,-12.036911010742188,-2.2838144302368164,0.4549369216581335,0.4882287017111201,0.5741449755806655,0.5893804813826038,0.7132352747773402,0.09702969433476738,0.1544793128045706,123.10158406779338
6.14851713180542,-12.101760864257812,-1.9954891204833984,0.4252066779699866,0.4944895684791827,0.5730336949880068,0.5514333442553803,0.7036037576859142,0.19999998192984317,0.14153770415760103,124.10076550932311
5.624242782592773,-11.995880126953125,-2.4232590198516846,0.4434185405572019,0.5020361423589826,0.5451258752810395,0.5034601657300914,0.6963910443399602,0.11206895511189989,0.18318646227444355,123.10158406779338
4.577608108520508,-12.259765625,-3.0470075607299805,0.1730227192728086,0.14374622258693176,0.5219137512064024,0.35714278498911495,0.5856916701789195,-0.5999998102633853,0.2340653433100572,124.06449935416659
4.297660827636719,-12.39703369140625,-3.15525221824646,0.1836586140178429,0.15660231227999644,0.6025640896124719,1.1379308231743002,0.5629679907575386,-0.0666666467905113,0.21846980836345145,126.0634760745554
3.210847854614258,-12.931625366210938,-2.940059185028076,0.09588148114711445,0.15118503944405193,0.5293385981270406,0.8648645804991191,0.5353660555896049,0.0,0.1386372733209656,124.00403219250575
2.8307979106903076,-13.267318725585938,-1.8180071115493774,0.12039488367021663,0.15022639675243646,0.5052071686245645,0.3599998981766451,0.5425852361353038,0.0,0.1402957942042443,126.0634760745554
2.3813438415527344,-13.234848022460938,-1.6976778507232666,0.17876503737477237,0.17318020546309776,0.5282888242033535,0.36486478003552175,0.5753067898140437,-0.22413787217298994,0.1851347405003491,125.03599481749245
2.3708908557891846,-13.11053466796875,-1.9614084959030151,0.22558697392101187,0.22172951003937127,0.5160883164811466,0.37499993370874807,0.6421286678449716,-0.3399999320000103,0.1736561629721,125.01599897613104
2.7404181957244873,-12.758804321289062,-2.1673946380615234,0.32096534237100494,0.46566508303438325,0.4874592487035628,0.324590126762472,0.6334685417937792,0.19756095609607527,0.15730407935939467,125.01599897613104
3.190873861312866,-12.359176635742188,-1.7802363634109497,0.3281726060791933,0.5192167954686228,0.46351139607830055,0.3047336946599943,0.6194725989875766,0.2664233349021514,0.13543389720342147,126.01587201618692
3.471466302871704,-12.132461547851562,-1.3049641847610474,0.3794583173976837,0.5781435455477263,0.4857749353627431,0.3299747779612038,0.5724102237854966,0.3303341665452547,0.18478466301030108,122.03687967167957
3.4080801010131836,-11.91558837890625,-0.8101451992988586,0.3899491764033905,0.5904156690767821,0.4779310232567281,0.3512194775041338,0.6137985552765015,0.262499979247554,0.18331352174811608,123.01625908797584
3.223461389541626,-11.920196533203125,-0.34115737676620483,0.40765488888950197,0.5928725055715875,0.49081617407387274,0.3647798408095925,0.5728339511207583,0.3254716757597207,0.18988143791961518,124.01612798341996
2.9026482105255127,-12.0211181640625,0.3426133990287781,0.44501939775609783,0.6021798549456775,0.47282022584462274,0.3333333063849322,0.5851428421894952,0.3190045034283124,0.17154627678589426,123.00406497347964
2.7780020236968994,-12.0927734375,1.0606956481933594,0.4394302603487816,0.5852246551872039,0.4895463398575419,0.31858404399059664,0.5867051874433488,0.32660779521473093,0.2055850362665052,122.01639234135715
2.713303565979004,-12.119064331054688,1.838893175125122,0.4650244761457297,0.5890702370955954,0.4910344712248058,0.3661119231082949,0.5805499311548693,0.36132594282906677,0.20356065381967747,123.03657992645927
2.601106643676758,-12.040176391601562,2.014796018600464,0.421190652560441,0.6034271937653115,0.4796308393481968,0.31858404399059664,0.5852946075741857,0.34450864709294,0.1971025778768519,122.00409829181969
2.567056894302368,-12.104934692382812,2.060251474380493,0.44317045123902643,0.5851850884556414,0.49596339000093315,0.3875432203558093,0.5855063530769119,0.33405637712919894,0.21520789024167394,121.01652779682617
2.4282209873199463,-12.092758178710938,2.0093564987182617,0.42950656814182203,0.5763361877921331,0.48569885541952007,0.36991147330019275,0.5738045592918216,0.34450864709294,0.22118227886444897,120.00416659433121
2.4505958557128906,-12.125823974609375,1.8565895557403564,0.4223377390574614,0.5545127926913707,0.4773175432938161,0.31858404399059664,0.5818181668579064,0.2827585996868732,0.21731329373225097,120.01666550941998
2.427605390548706,-12.080230712890625,1.7170876264572144,0.43484134044141304,0.6017607164880205,0.4843918079227779,0.35929200516717286,0.5857783760481633,0.32222219957875375,0.2340285197905665,120.00416659433121
2.491708278656006,-11.963027954101562,1.577741026878357,0.40773032205494963,0.5841442872441538,0.5021069149972652,0.3999999649176815,0.6131920170422882,0.28092781488210433,0.2252788578671263,118.01694793545543
2.603536605834961,-11.703628540039062,1.4676001071929932,0.41086655647002246,0.5842476303753801,0.47285066748742527,0.3081760724081041,0.5985520200939086,0.3162161929675389,0.21354621588694175,120.03749414245534
2.7870032787323,-11.588958740234375,1.6532297134399414,0.4093190804729269,0.5769206914190748,0.4971719338773287,0.35769227632061906,0.5904219539092261,0.334104023523019,0.21589185015790535,121.03718436910205
2.9112277030944824,-11.5621337890625,1.9094971418380737,0.39185617872003675,0.5669931777434092,0.47999418965916696,0.35220122560926176,0.5906205766991467,0.32702700298352305,0.2209558640764097,118.03812943282352
3.2228918075561523,-11.509536743164062,2.291954278945923,0.4265257475987952,0.5652388341886059,0.4966063230310519,0.34775083612284674,0.5883957644129998,0.29189187043157433,0.22130879431864622,118.06777714516353
3.5735316276550293,-11.421112060546875,2.4348855018615723,0.4412356648044319,0.6068773961104865,0.4966063230310519,0.34775083612284674,0.5763387611761125,0.3606557120903978,0.20719875283739067,121.06609764917675
3.8884990215301514,-11.304412841796875,2.654592275619507,0.42154921366891146,0.5709874983188067,0.4795592810004603,0.32857139888474235,0.5669957536311809,0.344782009283472,0.22461287110291261,118.10588469674151
4.019326210021973,-11.576828002929688,2.270562171936035,0.39976641806450897,0.6017365574062523,0.4923076801556509,0.31115876945495785,0.5963284075105597,0.32702700298352305,0.10542015100637891,119.10499569707393
4.030776023864746,-11.6678466796875,2.243379592895508,0.4250216048412023,0.5409962747491378,0.47899542197101036,0.3527204197253906,0.5825278651570499,0.3124999752947072,0.12296907073551265,119.06720791217035
3.959620475769043,-11.982376098632812,2.666217088699341,0.39496168475701016,0.5182987619509075,0.47899542197101036,0.3081760724081041,0.5651018450104806,0.36249997134186035,0.03164341746761787,118.06777714516353
3.977123260498047,-12.122634887695312,2.588162899017334,0.42489741044034474,0.5407148890447119,0.48377536235197577,0.3461538157941475,0.572753713179764,0.34421362333440475,0.015236559822573171,112.04017136723775
3.8823611736297607,-12.064544677734375,1.9417202472686768,0.3963482888506503,0.5492835081533134,0.48529410610551543,0.37155959743856715,0.5576458258726033,0.37793100641074767,0.011385773289609089,106.01886624558857
3.8151800632476807,-11.939956665039062,1.5871156454086304,0.4084738289171233,0.5289231010871958,0.49703262884120536,0.38846150439120997,0.5517413621925467,0.3851640222603176,0.011606259397587226,104.00480758118829
3.7241122722625732,-11.66748046875,1.448898434638977,0.3974198394806201,0.508162843177993,0.48486645703076386,0.37155959743856715,0.5852946075741857,0.3372681004620063,0.02434403295910098,104.01922899156675
3.6165060997009277,-11.523971557617188,1.2497076988220215,0.4235101287971979,0.5445168933452673,0.4910933987521915,0.3713162735666909,0.5728339511207583,0.3420689401089979,0.011604650285209163,104.01922899156675
3.975414991378784,-11.527664184570312,1.3877787590026855,0.4617225950804198,0.5446113918994063,0.4857749353627431,0.37942661301975705,0.5669957536311809,0.34864862301549154,0.01470278583728402,116.1077086157504
4.241810321807861,-11.197998046875,1.8303107023239136,0.41188282878310706,0.5085931503839751,0.46894451794955966,0.3230768947412043,0.570005138811608,0.3679999705600018,0.15429584755089215,120.14990636700472
4.159778594970703,-10.988052368164062,2.312762498855591,0.4192811160134966,0.5811410988949259,0.4687586287339529,0.3653845833382668,0.5731774009122939,0.3378378129995073,0.20120190972304117,117.03845521878696
3.962900400161743,-10.96917724609375,2.8162567615509033,0.4211387908569329,0.5805248716878881,0.4737905832597232,0.4031141533165338,0.5831524791798561,0.30878184644606854,0.21385072463958799,117.03845521878696
3.836108446121216,-11.158905029296875,2.614240884780884,0.4565162175687878,0.5661117618646129,0.48425362498254415,0.35929200516717286,0.6036697075317292,0.30593604918795614,0.01692933975042594,113.07077429645558
3.7541236877441406,-11.751251220703125,1.9737792015075684,0.4311285718046071,0.5078098270434948,0.48537931766254916,0.35929200516717286,0.5839833439570699,0.3183999745280015,0.012732398228874335,111.07204868912791
3.5360679626464844,-12.065750122070312,1.4916073083877563,0.4119860310480079,0.5502023301219027,0.4740960494289427,0.38086300640560783,0.5577142714618626,0.3837837555674403,0.0045452667077363436,110.00454536063498
3.3676586151123047,-12.1387939453125,0.9676109552383423,0.41546711659619984,0.5007742172336774,0.4720129061647514,0.339622610408931,0.5843230245832055,0.3357663946712045,0.017399065756031666,110.01818031580054
3.0679068565368652,-12.025650024414062,1.2122106552124023,0.3875455960444001,0.5078932659567994,0.49596339000093315,0.40880499401075027,0.5769161896870149,0.32035395534609995,0.016295250148090558,112.0044641967453
2.378777027130127,-11.586257934570312,1.6308205127716064,0.3046158387196642,0.22151285548317837,0.45005944205830867,0.32618021477317555,0.5489462126791005,0.12941173663253358,0.23464672877268053,120.01666550941998
1.9400088787078857,-11.03924560546875,1.7742434740066528,0.13576793399899498,0.1644611296192626,0.4768149138816128,0.16923072724979002,0.514181508863581,0.11999996605888169,0.32671749900801644,118.10588469674151
2.1277966499328613,-10.60772705078125,2.138686418533325,0.13689999954590437,0.18110406232402876,0.4944458358978902,0.43103436956344215,0.6103448106907476,-0.7068963660840452,0.297433114996836,121.10326172320876
3.3890912532806396,-10.626724243164062,0.8105552792549133,0.3064218744878766,0.3713767223185196,0.4367815991544459,0.2769230425749998,0.5619960609846039,0.31034478916648534,0.02171511930460953,107.07474025184464
4.541584014892578,-10.402114868164062,-1.0817749500274658,0.321386916522208,0.393735727467202,0.43023254813412676,0.2721893195021308,0.5662678153102844,0.29452051347418573,0.009427252430626462,106.07544484940895
5.377321720123291,-10.267303466796875,-2.190722703933716,0.3542504775201085,0.37633701669417086,0.43606420230611065,0.2721893195021308,0.5786930335251382,0.29999996205267176,0.011159706088230617,108.16653826391968
5.8878350257873535,-10.136611938476562,-2.833284378051758,0.3436414405041551,0.3829848583054131,0.4426118593842927,0.28611894971282065,0.6054066685728432,0.2669038827464448,0.015773447108764854,108.2266141020775
6.46563720703125,-10.28631591796875,-3.4560940265655518,0.3304614034069093,0.38099335025836695,0.4501187545041945,0.29562040223804004,0.5685511386677377,0.30249106711263746,0.01721097751210545,111.22050170719426
6.789386749267578,-10.246826171875,-3.8455042839050293,0.36078280749345687,0.37352089387039006,0.45459458402548514,0.3402061510243084,0.5663774236636366,0.24555157212672923,0.01576335683732949,108.29589096544707
6.409466743469238,-10.993927001953125,-3.8463311195373535,0.10553923861445874,0.12426570321463995,0.4981238166040513,0.4999998613249798,0.5459688670808508,0.0,0.16668864690182963,117.2092146548214
5.899186134338379,-11.999801635742188,-3.319554567337036,0.11736603283405349,0.1407875893675157,0.472309163726231,0.0,0.6015204731415211,-0.5999998302944085,0.13711629179676135,118.15244390193544
5.455676555633545,-12.947235107421875,-2.742465019226074,0.1325923801800783,0.16271085524112236,0.45482704180817873,-0.3199999094903512,0.4858984551836034,0.3999998735089235,0.10066054701597146,120.14990636700472
5.0861711502075195,-13.3983154296875,-1.8007359504699707,0.2786008579883358,0.23998978326124193,0.4227417247356503,0.21782175152644687,0.5576378131289652,0.16470584662322457,0.025052198251324757,121.03718436910205
4.819382190704346,-13.463119506835938,-1.0602598190307617,0.31829563328071314,0.3898328023500003,0.422917233337821,0.23529408996540033,0.580429776680984,0.32876708480839334,0.04781301333724787,120.03749414245534
4.285223484039307,-13.518081665039062,-0.8394890427589417,0.37630571686868397,0.4378150356822898,0.41983182520475604,0.25257729394228956,0.5344262146644556,0.29999997036811427,0.03526742440835362,116.0
3.9181408882141113,-13.714797973632812,-0.6854947805404663,0.38818095800520674,0.4882455204151266,0.42590496724644883,0.29512192206944576,0.5253501529282669,0.4025156864105849,0.028820207083832258,111.00450441310929
3.6649179458618164,-13.624801635742188,-0.674662172794342,0.41172617297488534,0.4788779433162336,0.42533935640017206,0.27586204335236897,0.5323517868082486,0.35849053320942714,0.020576466899541672,113.0
3.4930226802825928,-13.61181640625,-0.7377243041992188,0.43704921234575944,0.5325990624721667,0.415542354081145,0.2884955509470403,0.5024107864312186,0.47058819614633984,0.01874366353431914,113.0
3.357363700866699,-13.193161010742188,-0.6622490882873535,0.39213544075783413,0.5358595409687552,0.4975062219918274,0.39756093634148476,0.6134356835785066,0.29380528501355024,0.029713362110978157,112.01785571952357
3.4119443893432617,-13.12945556640625,-1.2063294649124146,0.448278703117531,0.49032355162901486,0.5403330789573655,0.5142856678195967,0.6406909611342475,0.2627737001774644,0.004461441294147102,112.0714058089752
3.3508918285369873,-13.0582275390625,-1.7982110977172852,0.43573334799367774,0.5253728795367507,0.5394282430873796,0.5290806295880859,0.6332609804355002,0.3539822711006629,0.0,111.04053313993049
3.2779951095581055,-13.343154907226562,-2.6977643966674805,0.42316875350243255,0.5400708373085711,0.5396737500965355,0.48780483579043377,0.6308316250331903,0.3217992811883059,0.009252915084661847,108.07404868885037
3.3808979988098145,-13.613739013671875,-3.466172456741333,0.4609994180681709,0.5783976524356517,0.5338228936815448,0.531141824326935,0.6635895039546242,0.2874999772711306,0.011169256544438613,108.07404868885037
3.6499202251434326,-13.723052978515625,-4.112648010253906,0.42184754746461256,0.5632217365788851,0.5503448146592627,0.5142856678195967,0.6508875543261045,0.3096885555521869,0.00907741548544523,110.16351483136329
3.661060094833374,-13.722518920898438,-4.166864395141602,0.4265951723749043,0.6222499265128179,0.5403330789573655,0.4999999548246079,0.659503423468221,0.2438316214795648,0.017227698025214608,111.11255554616679
3.609154462814331,-13.661056518554688,-4.133338928222656,0.43406859296082073,0.5491363596938127,0.528338389566844,0.5159474224706511,0.644827567839393,0.2999999762829189,0.02249970740445626,111.11255554616679
3.6158289909362793,-13.540420532226562,-4.15214729309082,0.4494289871463925,0.5720281594334334,0.5339366388853223,0.5132742930959612,0.6519965459431232,0.25632375635112475,0.019053571752184237,111.16204388189342
3.691063165664673,-13.471969604492188,-3.8802971839904785,0.4390890807557718,0.5754567754489878,0.5458144666571356,0.5159474224706511,0.6401098721761936,0.28413790992924826,0.017991752590741025,111.16204388189342
3.8705859184265137,-13.29644775390625,-3.6071557998657227,0.45899697033664805,0.5722850715386391,0.541026371430991,0.5159474224706511,0.6640973441667734,0.2438316214795648,0.010858983278857063,111.16204388189342
4.189698219299316,-13.037384033203125,-3.419393301010132,0.48093250799369386,0.5299924455766132,0.5458144666571356,0.524999958495108,0.6334572317980939,0.31780363463876193,0.015348849783166361,111.22050170719426
4.464412689208984,-12.90838623046875,-3.636622667312622,0.4877130018084918,0.5456136830737068,0.5581567503766901,0.5567999554560026,0.6572350749359226,0.2745097817287677,0.015773447108764854,108.2266141020775
4.652381896972656,-12.745956420898438,-4.1236042976379395,0.5022695699421473,0.5750583468247501,0.5412802055961308,0.5446293071032485,0.658392191084229,0.2662632168060326,0.01136304969247704,106.23088063270491
4.5564398765563965,-12.462158203125,-4.294220447540283,0.47734781641089596,0.49466003527207647,0.6065088609861878,0.5769911018940806,0.6966409145714615,0.17142855593986556,0.013320315323445788,106.16967551989597
4.41756010055542,-12.20465087890625,-4.476940155029297,0.4954653131644046,0.5249296049265378,0.5529876707171707,0.5326409085217728,0.6790786760014883,0.2941176232808225,0.006723382260545146,105.17128885774862
4.348537445068359,-11.989334106445312,-4.661839008331299,0.4594747175834979,0.49442938492023153,0.5763939035782135,0.5674740012352921,0.6885067688047258,0.26895304573861734,0.00960828047914157,104.0768946500615
4.270035743713379,-11.788467407226562,-4.617578506469727,0.4553874117633037,0.518471016694765,0.5762221440806653,0.5557521656280409,0.6868923114185228,0.28431370250479515,0.018200913710031102,105.17128885774862
3.82974910736084,-11.602188110351562,-4.294723987579346,0.47128650060756117,0.5662138764538261,0.5882267720823459,0.5557521656280409,0.6765834745351177,0.2783999777280013,0.01455693344676595,103.04368005850722
3.5148425102233887,-11.449081420898438,-4.309765338897705,0.4759016231077153,0.4908061004516249,0.5653033158444983,0.5307819866479846,0.683355109285586,0.2576922850911987,0.02433054471380907,104.0768946500615
3.3477025032043457,-11.331695556640625,-3.835470676422119,0.48340181631009566,0.5033005399062613,0.5535958507234585,0.5307819866479846,0.6654510372236179,0.22326452099639083,0.017721161222135996,108.01851693112621
3.4752182960510254,-10.933990478515625,-2.8897011280059814,0.41905947795494625,0.5284307827966275,0.5097906701232505,0.4202626277579122,0.6454324501316838,0.2735999781120013,0.0692499008139339,109.01834707974616
3.634718179702759,-10.59356689453125,-1.474225401878357,0.3833698601610781,0.5806553804750043,0.4922587664174598,0.39198214563049905,0.6036697075317292,0.3265602073387029,0.0996525317997132,111.01801655587259
3.311594247817993,-10.118743896484375,-0.0229168850928545,0.4441354184304554,0.5612413371286048,0.47919408960793286,0.37942661301975705,0.6023032462670068,0.34421362333440475,0.15820926532013407,114.0175425099138
3.1000359058380127,-9.911911010742188,0.8531687259674072,0.41458128479353556,0.5740994486943809,0.4916726891075464,0.3369802748191875,0.596479100654818,0.32702700298352305,0.17759906771635253,116.00431026474836
2.734581470489502,-9.756210327148438,1.774937391281128,0.46892617974370704,0.5755950154041308,0.4843918079227779,0.4169139144696885,0.5759078677520602,0.3837837555674403,0.1308645190115934,119.00420160649792
2.5345053672790527,-9.892868041992188,2.5092201232910156,0.4485899278606767,0.5544688179383935,0.4848328938909126,0.39679996825600183,0.5672727126864587,0.32232494354470176,0.19204979243590758,120.01666550941998
2.3769888877868652,-9.78460693359375,3.492027997970581,0.4269890908436269,0.5955831124097455,0.48018228397716817,0.3862815556245913,0.5613305471333037,0.3850325126002131,0.19147857527933612,118.0
1.9040526151657104,-9.4068603515625,4.285373210906982,0.46053545541128466,0.6039201863447358,0.46028486061003127,0.3219584321705424,0.5641025485540508,0.3530927581545715,0.21559081807222893,121.00413216084813
1.743669867515564,-8.951629638671875,5.463952541351318,0.44146081625735695,0.6551333289438168,0.4832773561586827,0.3855999691520018,0.5737594468497734,0.38532107631272045,0.20154459795111201,120.01666550941998
1.8597923517227173,-8.857101440429688,5.418464660644531,0.4449306838049909,0.6338714257247753,0.49015488506660937,0.4215685933691789,0.559598098537046,0.39463953238228927,0.11823565793661446,124.00403219250575
1.8802820444107056,-8.730865478515625,5.280787944793701,0.4478582275629996,0.6056606976077159,0.4734513169357906,0.33234418804701144,0.5811741405760216,0.36132594282906677,0.009734732067090173,124.0
1.900525450706482,-8.78125,4.878389358520508,0.4461955557668605,0.6030233022329322,0.4723278825284345,0.33234418804701144,0.5918149308304667,0.33962261818405637,0.008129812589126215,123.00406497347964
1.6779758930206299,-8.91583251953125,4.387121200561523,0.45744678264756095,0.6018207516541016,0.4560814759344551,0.3101361332115721,0.5600623877486769,0.3366960668815952,0.01159152500922303,122.00409829181969
1.449805498123169,-9.047775268554688,4.006867408752441,0.4756019382186039,0.5592353865246794,0.42154037879314876,0.33241376841237297,0.49286458845795117,0.4135134831113969,0.029354816539947544,126.01587201618692
1.3120471239089966,-8.837661743164062,4.113094329833984,0.451766923285555,0.5997863708702865,0.42458024536342304,0.319467528013834,0.5240315498096095,0.3663238811883175,0.01859874559800144,125.01599897613104
1.2761952877044678,-9.027725219726562,3.8643577098846436,0.5121632816313874,0.6018101622357696,0.4215196106706892,0.3781512342998738,0.5222857009386705,0.38286331534612733,0.08468126757142283,126.01587201618692
1.1295952796936035,-8.853790283203125,3.921494483947754,0.4787456124419695,0.5895648103885172,0.43613162185859994,0.30385161756091716,0.5461061452010381,0.37027024304746003,0.08779232531664104,126.01587201618692
0.8315386176109314,-8.82421875,3.569337844848633,0.46804807938435955,0.5992183118378134,0.44004399467021477,0.3875861781073726,0.5366639670349722,0.3641618249472352,0.12455155517002223,125.03599481749245
0.7123582363128662,-9.01043701171875,3.031127691268921,0.4414508204568428,0.5710298673685118,0.4424210562942437,0.33610646176455455,0.5487804731065726,0.382436231836874,0.01810219334453794,117.00427342623003
0.7274425625801086,-9.448104858398438,2.2128920555114746,0.4142019111209055,0.5373872582297072,0.4389438846835392,0.31681413263509334,0.5355407450343569,0.36073056546042587,0.010405706246852386,116.00431026474836
0.9422746896743774,-9.729232788085938,1.3930314779281616,0.3364781319548008,0.3702061357666785,0.43546796996309606,0.26027394213997807,0.5924346213585574,0.24817515249613237,0.01484384553500643,115.00434774390054
0.9708302021026611,-10.268234252929688,0.8918697834014893,0.3153200934846175,0.41073914728502087,0.4408705070672133,0.23529408911345842,0.5689587266829369,0.2999999664589831,0.013042985094953182,115.00434774390054
0.9773751497268677,-10.543228149414062,1.0449023246765137,0.15977186244649436,0.16118279344490394,0.4876821764630563,0.08108106223011594,0.5649092332008515,-0.22413787217298994,0.010777739069622124,112.0
0.8834384083747864,-10.497207641601562,1.1449090242385864,0.14714515335904363,0.1297123197857207,0.5729613605158345,1.539999564422315,0.6003278534796379,-0.5999998102633853,0.015106548069105066,113.00442469213318
0.8294314742088318,-10.432266235351562,1.851616382598877,0.2625398378070517,0.1519469503985935,0.4723908940118432,0.14634144055993997,0.5442477731294901,-0.1333332935810226,0.03244389171333435,114.0175425099138
1.1931957006454468,-10.888595581054688,2.034832239151001,0.2935125257433594,0.20112068913849276,0.4575936778684518,0.29333329422222615,0.5748368901753604,-0.02702702074337198,0.01523959517526471,112.01785571952357
1.7007766962051392,-11.33062744140625,2.4535810947418213,0.3334670114569259,0.3355446912022955,0.44923856801122874,0.3749999580737288,0.5726495568654758,0.22439021255825345,0.015518511238156332,110.00454536063498
1.9967414140701294,-11.6611328125,3.2493724822998047,0.36134128370723373,0.3659953627061588,0.42792177209136656,0.28524586897308146,0.5935304829368684,0.24817515249613237,0.004504321697496726,111.00450441310929
2.4111435413360596,-12.369857788085938,4.706784248352051,0.1495518518765292,0.14806589010187962,0.4869909386443459,0.24999993750001176,0.5509601040516453,-0.18461533881795275,0.014715890900369082,116.00431026474836
2.3531761169433594,-12.593719482421875,5.501313209533691,0.13505257408864701,0.18527916656037857,0.4997769394840873,0.28301879017328174,0.599716346377362,-0.5999998658359439,0.013042985094953182,115.00434774390054
2.3508286476135254,-12.916656494140625,6.9812493324279785,0.1682694051545799,0.15334854361123762,0.47499998812500027,0.09999997763932399,0.5647058674974035,-0.666666467905113,0.01484384553500643,115.00434774390054
2.85200834274292,-13.145111083984375,8.431757926940918,0.26819820329277655,0.15756844523154898,0.48175998781232915,0.4137930347209908,0.5787292665592884,-0.6792450964158762,0.0124049048222801,114.00438588054409
3.5953171253204346,-13.607330322265625,10.219533920288086,0.4768482308283852,0.46329437583538763,0.2832487228922126,0.20361989013184098,0.3819459583693584,0.5463916970996467,0.004504504484213944,111.0
4.0701422691345215,-13.589813232421875,11.315418243408203,0.5130393878799386,0.5160467468864937,0.3107779490136853,0.2591240654527774,0.3865763682961877,0.48846149562063035,0.006427977822683645,110.00454536063498
4.259368419647217,-13.460739135742188,12.180414199829102,0.552900489553159,0.548667355151041,0.34129561448914714,0.33852688670004766,0.3969391598144473,0.48039211802534343,0.008771592319807963,114.00438588054409
4.214591026306152,-13.191482543945312,12.969430923461914,0.5430156893712355,0.5551214816596194,0.36519151105196573,0.33789951701356347,0.3999999886862918,0.4871406580201279,0.019883844785987613,111.0
4.085247993469238,-12.7576904296875,12.99493408203125,0.5565607502023243,0.5356056968904694,0.36005514057315957,0.2999999762829189,0.40042148468593547,0.4538310010259555,0.10676369602361505,114.00438588054409
3.7610771656036377,-12.675949096679688,13.503016471862793,0.554504302237537,0.5571202618912059,0.33521352795419407,0.31899107334869403,0.3916889416544355,0.48039211802534343,0.07745863639615445,113.00442469213318
3.6890459060668945,-12.758697509765625,13.365830421447754,0.5722212691630477,0.5520163060586397,0.3634165892003402,0.3124999752947072,0.39225726038200376,0.5044247363184446,0.0800532788046807,114.00438588054409
3.736124038696289,-12.493087768554688,13.180310249328613,0.5313298073433721,0.5473451548927499,0.34597248538972786,0.3391999728640016,0.42676500341527335,0.45487360755792994,0.04580753634037654,112.0044641967453
3.5826892852783203,-12.854446411132812,13.504487991333008,0.5739167412152102,0.5644896737281557,0.33682513145397386,0.31640055644372106,0.3748450945545636,0.5294117219054806,0.05891042496528909,112.01785571952357
3.559717893600464,-12.988677978515625,13.222208976745605,0.5647233085418248,0.5516610721371532,0.3634165892003402,0.31316185158436793,0.429130221679675,0.46389887754915876,0.009090533415472687,110.00454536063498
3.5555646419525146,-13.028579711914062,13.074438095092773,0.5554170770121544,0.5545204054060686,0.3584720761557012,0.3119999750400015,0.4166500579472564,0.4607842764732886,0.011070181984473293,109.04127658827184
3.686336040496826,-12.88555908203125,13.225584030151367,0.5413160192646865,0.534000848309222,0.38390803534973583,0.32499997430649546,0.4205243632189315,0.4825290787708951,0.011176914588871205,108.0
3.7540714740753174,-13.010116577148438,13.105945587158203,0.5307725971047431,0.5575558955082119,0.3825721277756286,0.3605340968545705,0.4290832330634551,0.4509803556972612,0.009432283429322827,106.01886624558857
3.758897542953491,-13.048690795898438,12.978546142578125,0.5312584502430777,0.5707660336799254,0.39321073846755583,0.31504422127959003,0.4371633621265318,0.472566331919385,0.00673312894643203,105.01904589168576
3.71535587310791,-12.999801635742188,12.645215034484863,0.5418863195943686,0.5793235120103616,0.39321073846755583,0.3431372271609596,0.4349191970232128,0.5132742930959612,0.006797846750478723,104.01922899156675
3.706469774246216,-12.871505737304688,12.212092399597168,0.5325778878191313,0.600018750037398,0.35077792496386273,0.30860031192273574,0.43121385971853676,0.43427617089380555,0.01149417008305755,105.01904589168576
3.417091131210327,-13.074539184570312,12.6328706741333,0.5219853047372076,0.5740475068857374,0.37006235939070037,0.29380528501355024,0.4327740120649179,0.44024202324179257,0.018398246545517492,104.04326023342406
3.4016644954681396,-12.975921630859375,12.681221008300781,0.537626242358104,0.5683450972663889,0.39321073846755583,0.30392154405684996,0.42444677376709167,0.4825290787708951,0.02214018170822508,105.01904589168576
2.8849036693573,-12.92034912109375,12.990041732788086,0.5519238090809367,0.6003254197538399,0.40020788866690915,0.3384615119104325,0.43730885601336006,0.4578651342208824,0.018055404864556764,106.01886624558857
2.515289783477783,-12.635025024414062,13.06058120727539,0.5293772643933818,0.5980209893262625,0.40594905724356445,0.3663716505891861,0.43240473977358224,0.47109823007901785,0.022347826793835644,104.04326023342406
2.2107045650482178,-12.604995727539062,13.216145515441895,0.522692317164575,0.5891761304993888,0.40614333284632415,0.36462090764564226,0.43221558110082403,0.43352597860032316,0.01345893794786109,105.07616285342742
1.9129642248153687,-12.551467895507812,13.170265197753906,0.5296218590087233,0.6417734828309187,0.3970912178272708,0.3140793956947612,0.4200781611651036,0.47450976960969415,0.01788281887857584,107.0420478129973
1.934906244277954,-12.552276611328125,13.30823802947998,0.5342522312719193,0.6048856405946842,0.38796820624312484,0.34513271432314635,0.45399998715894113,0.44943816856037533,0.020756063408238858,102.04410811016969
2.246687412261963,-12.570236206054688,13.430079460144043,0.5574674405585112,0.5912393547339008,0.3733031561907946,0.33451324619012646,0.44199998749835234,0.4578651342208824,0.02604716081246705,105.04284840006957
2.4830446243286133,-12.70831298828125,13.620853424072266,0.5570656257419989,0.6363736084434005,0.3826048645655103,0.32319997414400153,0.4487914660558592,0.4414633838010056,0.009519924587644515,105.04284840006957
2.660943031311035,-12.8482666015625,13.808014869689941,0.5463951375948579,0.6592973622652629,0.39163821381609826,0.346020732460544,0.45270986990319695,0.47560972287953646,0.011495733667533687,105.00476179678711
2.793721914291382,-13.051559448242188,13.850678443908691,0.5471776820887224,0.5807151317859086,0.3823270049557796,0.3333333063849322,0.4429500954121586,0.5068078274433008,0.004999000274910031,100.0199980003999
3.0055229663848877,-13.127456665039062,14.178767204284668,0.5882372415260491,0.6495639611354094,0.3861139785200687,0.3501483409781014,0.44208287765194815,0.4235293811392311,0.004901960760284506,102.0
3.293151378631592,-13.301498413085938,14.334848403930664,0.560192063953473,0.5648452552280285,0.3675627920842884,0.33391000682442495,0.4489296507885403,0.4615384253324079,0.004999749993750938,100.00499987500625
3.276271343231201,-13.477874755859375,14.605330467224121,0.5691124988554435,0.6498440908488734,0.3847583532535273,0.3501483409781014,0.4498141134654764,0.4253135402615406,0.004901725196684271,102.00490184299969
3.4731640815734863,-13.697647094726562,14.45025634765625,0.53095406491609,0.5444572025687997,0.39277262775623045,0.30622834822758144,0.4531085221446112,0.45487360755792994,0.009900504790602989,101.00495037373169
3.5026395320892334,-13.754714965820312,14.823887825012207,0.600202573989589,0.5599894483951103,0.338458149423336,0.35268502392579915,0.39419794070378517,0.48194941753161624,0.004761904739229025,105.0
3.737276554107666,-13.721969604492188,14.699872970581055,0.5699063335108278,0.52608068514666,0.33319066005705317,0.32799997376000156,0.40978454786604057,0.43999996064520613,0.004672693113325917,107.00467279516349
3.8317644596099854,-13.578155517578125,14.560859680175781,0.6035797634665905,0.6196554959860141,0.3432124253511722,0.3783783505594482,0.3928128759464353,0.4376657506156749,0.004672693113325917,107.00467279516349
3.8313841819763184,-13.53765869140625,14.67353343963623,0.6014996962811204,0.5960190115621773,0.3319112531034035,0.3432432180074994,0.3862144305869667,0.5076922678656487,0.013888293488693295,108.00462953040486
3.640641689300537,-13.584121704101562,14.655686378479004,0.6166021371015118,0.6378943476280792,0.3487778856859841,0.367567540543464,0.3707445530347769,0.5092837825346036,0.004672693113325917,107.00467279516349
3.7496891021728516,-13.620803833007812,14.365130424499512,0.5650209965804341,0.5516563594072214,0.3543989984879511,0.30079997593600144,0.3810397444703823,0.4932432026989009,0.0,108.00462953040486
3.8960399627685547,-13.585891723632812,14.087042808532715,0.6440805102743158,0.581644375857611,0.3319112531034035,0.35813364417368176,0.4033457133140842,0.4662920998813894,0.0,109.01834707974616
3.924365997314453,-13.5537109375,13.544381141662598,0.5916209695466403,0.564830886073449,0.35751294307413767,0.35268502392579915,0.3803651768080064,0.4605504192599705,0.0046294311628977645,108.00462953040486
3.9519121646881104,-13.39361572265625,12.914932250976562,0.5993827579226971,0.6109731088226071,0.34597248538972786,0.3432432180074994,0.40174872228027486,0.4999999607767752,0.009433962219651123,106.0
4.068227291107178,-12.999420166015625,12.457265853881836,0.5904199693120986,0.5590594259449727,0.31807464727198714,0.3302509667466207,0.38381501722936784,0.49097468752284507,0.024508625983421354,102.00490184299969
4.1244306564331055,-12.636642456054688,12.38016128540039,0.5805601065351592,0.5586591776369915,0.32702701759638864,0.3365516991394979,0.4226666540651817,0.5559566314596922,0.08286926082036998,103.0
4.015122413635254,-12.453598022460938,12.726480484008789,0.6159669327040405,0.5590809227216967,0.31268190366495136,0.35270803248539095,0.38016156850223043,0.5451326974950209,0.15403900632064996,104.00480758118829
3.978144884109497,-12.5145263671875,12.6180419921875,0.5690248891434777,0.5423418441507109,0.34263327927157944,0.35268502392579915,0.3699664322372301,0.5247705972444285,0.1636796194880175,104.0
4.012547016143799,-12.536407470703125,12.603004455566406,0.5953718865744011,0.5395593522306137,0.3398963632704845,0.3324324079915152,0.40799998783579056,0.5500981830617643,0.09944699259835484,106.0
3.977459192276001,-12.572509765625,12.37468433380127,0.5712215846921224,0.5826163632850757,0.3320235663308575,0.3410739943315341,0.3904847279774976,0.49916801252161563,0.08142390205794707,105.0
3.8281803131103516,-12.880615234375,12.724536895751953,0.6136276307265006,0.5956018295183905,0.3187976198512302,0.37200501771562017,0.3588621338031872,0.5052949682569029,0.00952380947845805,105.0
3.906780481338501,-12.847015380859375,12.700888633728027,0.5657814638662696,0.5171875454321463,0.3239038097448571,0.3410739943315341,0.40173534608389705,0.5185995138451133,0.004672897174425714,107.0
4.0034027099609375,-12.823135375976562,12.639852523803711,0.6115755546980062,0.5701303269168527,0.2983367897335141,0.34594592051149553,0.3693050969414898,0.5270269837056749,0.011387799768798562,106.0
4.262098789215088,-12.840225219726562,12.282476425170898,0.6055297233173439,0.4902026736649057,0.31268190366495136,0.33795710083995323,0.4035737514321389,0.5176470086043917,0.01321694911929552,107.0
4.451707363128662,-12.779022216796875,11.480793952941895,0.5423795619736821,0.5786092484350724,0.36750404140210247,0.34738614347586644,0.4398034266573965,0.44617781186795574,0.009523377589042908,105.00476179678711
4.450552463531494,-12.579605102539062,10.662332534790039,0.4887848526401843,0.48956646417839117,0.41049632677720965,0.26415091920694633,0.5070993762549919,0.44285710284465274,0.0,102.00490184299969
4.513153076171875,-12.31195068359375,9.40401554107666,0.41462720244097434,0.5812226310603752,0.44904457369504563,0.28497406425465205,0.5568329553981445,0.417599966592002,0.012190510376531252,99.02019995940222
4.995246410369873,-11.586990356445312,7.139369010925293,0.5608396018719242,0.544847042931413,0.5874742010494248,0.4884392692230308,0.635906021849933,0.36159166542126847,0.01952364559806786,98.04590761474952
5.423834800720215,-10.816970825195312,5.319473743438721,0.5191177591817223,0.5562378941598864,0.5689488752292111,0.5234656594912687,0.5989635071058181,0.4226289172683012,0.01019559232660227,98.08159868191383
5.662090301513672,-10.467880249023438,3.2331111431121826,0.5047957818231843,0.5378274709376264,0.5647058674974035,0.49916801252161563,0.6115167776606629,0.34513271432314635,0.017766946203207675,96.08329719571451
5.858190536499023,-10.372894287109375,2.0820472240448,0.553162052817477,0.5489188354110911,0.5722152983011534,0.5340392927984632,0.6088044889845836,0.4117646725931515,0.0173968288916692,98.12746812182611
5.869912147521973,-10.358001708984375,1.5723700523376465,0.5294885589385356,0.5515289891700761,0.5664233423610827,0.5153845749545222,0.619821450689305,0.3752212073667027,0.01426680140076264,99.12618221237011
5.6850762367248535,-10.146560668945312,0.467020183801651,0.5522501209510489,0.60020764116583,0.5707062046319908,0.5355704305550921,0.6307151037795588,0.43076919697691407,0.018752385712527957,102.07840124139877
5.371538162231445,-10.421615600585938,-1.6793447732925415,0.5093442077281028,0.6236621508393687,0.5563921679082016,0.43918915308806245,0.6675024863825517,0.3627450687130145,0.010088152016320996,99.12618221237011
5.33944845199585,-10.878067016601562,-3.2967374324798584,0.5264202043434927,0.6277861208481166,0.5622845744655754,0.4935805618595181,0.6478396459366955,0.35098333124431574,0.007119286248770416,99.32270636667126
5.745247840881348,-11.436065673828125,-4.216397285461426,0.507405531958021,0.5837799531162245,0.5678399856346583,0.5028089510769199,0.6418672301654934,0.3333333063849322,0.01927266808125453,99.32270636667126
6.337771415710449,-11.713027954101562,-4.417552471160889,0.5195745259597164,0.5660494734705594,0.5630748870123927,0.5098038803534257,0.6640102614836861,0.28318581688053035,0.019081173158443623,100.31948963187563
6.7892560958862305,-11.811203002929688,-4.401577949523926,0.5262077187725535,0.575371035196805,0.5763352358396573,0.4962178131385154,0.6640102614836861,0.28318581688053035,0.016835339765209782,101.40019723846694
7.057827949523926,-11.825607299804688,-4.386241912841797,0.5023873004623327,0.5618519958565396,0.56351683025212,0.4938052681854248,0.6536256957856765,0.3050541257035324,0.013547573637985146,104.38869670610895
6.889546871185303,-11.379348754882812,-3.7575507164001465,0.47703038496119066,0.5017070872901487,0.5773212670386986,0.48846149562063035,0.6413259477830756,0.3270439952086002,0.00677907677433729,104.30723848324239
6.65652322769165,-10.824630737304688,-3.178441286087036,0.4731563244445634,0.5244420001273001,0.5891536414271945,0.44945844556319264,0.6584766387943144,0.24999997807355095,0.01652408539444186,103.31021246711285
6.440647125244141,-10.321151733398438,-2.8844518661499023,0.4893630467688523,0.5260071078767495,0.5822784662714312,0.5044247363184446,0.6670520028353774,0.23846151754707937,0.018019370092410666,106.23088063270491
6.256556034088135,-9.88873291015625,-2.3180463314056396,0.48632168164890976,0.49670497794801327,0.5897435746219596,0.4302553646090228,0.6488069223201598,0.23394493172057929,0.03097164556164022,108.29589096544707
5.828836441040039,-9.792617797851562,-1.8658974170684814,0.4571046494186443,0.5181640055565105,0.5641025496383961,0.4538310010259555,0.6444080110505399,0.26266414234869506,0.012843225923040626,110.11357772772621
5.439242362976074,-9.699752807617188,-1.6311900615692139,0.44497117552422233,0.5020188853926619,0.5563921679082016,0.4230768859706247,0.6545300402257661,0.2138364584056232,0.028047253223247734,111.28791488746656
5.185302734375,-9.492568969726562,-1.2881067991256714,0.47364277861396614,0.4953354201668037,0.5512820371466144,0.4007858190878568,0.6766179795879004,0.24528299640645018,0.017057908689116413,112.21853679316978
5.2024078369140625,-9.222869873046875,-0.9678829908370972,0.46395400795350833,0.5902186044023663,0.5575136033171728,0.46538457456768717,0.6844703565122803,0.2941176232808225,0.011044666601930484,109.29318368498559
5.182371139526367,-9.202682495117188,-1.005947470664978,0.4678266425639492,0.4761292164522926,0.5641025496383961,0.48780483579043377,0.6859486092424445,0.26415091920694633,0.008995876295370513,111.16204388189342
4.967580318450928,-9.394577026367188,-1.2867087125778198,0.4638002834797815,0.4467459575336669,0.5584415439365832,0.46389887754915876,0.6876355545820484,0.22921912056846983,0.009249352236202516,108.11567878897121
4.738613128662109,-9.519271850585938,-1.67306387424469,0.45865941320578835,0.4432008577051523,0.5394736700138507,0.48461534211180646,0.7082374382466701,0.15817692731954977,0.011269074885264668,107.11675872616759
4.652714729309082,-9.567276000976562,-1.622612476348877,0.4636065712953405,0.4378750111276851,0.5584415439365832,0.44400781918556687,0.7231937194312165,0.1360946597510654,0.011269074885264668,107.11675872616759
4.459990501403809,-9.682525634765625,-1.2313635349273682,0.4546276690037962,0.45160269923042085,0.5675098915050886,0.4938052681854248,0.7125306912326536,0.1394101732307896,0.011269074885264668,107.11675872616759
4.265981197357178,-9.936172485351562,-0.5880376696586609,0.10417681106718438,0.11165817734960161,0.561341210005868,1.0344823744235452,0.5968882432852826,-1.399999373901176,0.004543765008946837,110.04090148667449
4.096188068389893,-9.868255615234375,0.09534899890422821,0.10569197559386861,0.1312236534235716,0.5678148415094786,1.5769224584031405,0.6646153661822709,-1.1333329954386921,0.01138324171131522,106.04244433244644
4.076248645782471,-10.179000854492188,1.033612847328186,0.11730913661123925,0.14929559026612302,0.5682337256651329,1.3773581121766378,0.5627568019508792,-0.3199999094903512,0.01107251034330306,109.01834707974616
4.027347087860107,-10.381515502929688,1.2234914302825928,0.10591872348912866,0.14039221617804568,0.5346879767314529,1.1333329954386921,0.5290842625510419,-0.14999995256584633,0.009252915084661847,108.07404868885037
3.437607526779175,-10.548797607421875,2.882962703704834,0.26942427441850375,0.21547865829369897,0.4253675820871892,0.23853207778088037,0.5215159742916158,0.285714227991292,0.020569219254314517,113.03981599418853
3.106245756149292,-10.614501953125,4.28075647354126,0.29536115777405875,0.209303045960347,0.400296726153305,0.1545064175241358,0.5351351205231712,0.15999996800000482,0.01251320443197805,113.01769772916099
2.8320415019989014,-10.291976928710938,5.571414470672607,0.3837630742308584,0.45414706938018967,0.4092603999898115,0.2989690418092407,0.5344308220365,0.38035260665757076,0.010681942579984739,113.00442469213318
2.476743698120117,-9.994415283203125,6.923996448516846,0.3916007708896435,0.5244279205291537,0.4411095844087414,0.3529411422302671,0.5158964739572718,0.3912309965359273,0.07929147867633947,116.0
2.1291491985321045,-9.54376220703125,7.929893493652344,0.44310709630690925,0.545615106983553,0.43148325664031506,0.30619466450207344,0.5323015873022943,0.41095887204352316,0.17527639931060268,115.03912377969506
1.9306248426437378,-9.405242919921875,7.976608753204346,0.4642562452858632,0.5589705803397422,0.4536973415462474,0.33827890569070806,0.5283842655093364,0.38044911369210704,0.19218801005615382,115.0173899895142
1.7574466466903687,-9.444778442382812,8.205180168151855,0.4677340609680694,0.5665884795066211,0.4457866715592043,0.35752209381166955,0.5205479319888769,0.41111108222116854,0.17190755536201324,117.00427342623003
1.6164360046386719,-9.549118041992188,8.115656852722168,0.452936519187979,0.5764042588229045,0.4536973415462474,0.36814156194468944,0.5274506415807703,0.401008798757855,0.1328501218559723,117.01709276853532
1.5923736095428467,-9.591445922851562,8.271942138671875,0.4422363082258101,0.585874809777386,0.4547948857652888,0.36814156194468944,0.5206985637299777,0.41111108222116854,0.12820675096778697,118.01694793545543
1.5822269916534424,-9.609634399414062,8.155389785766602,0.46101575798049327,0.5795812093375656,0.4536973415462474,0.3388804577531324,0.5197413070657565,0.41111108222116854,0.13483334887281648,119.00420160649792
1.6028687953948975,-9.682373046875,8.32819938659668,0.46564867632433177,0.577744827563155,0.45381893366990234,0.3486646615671772,0.5131447454971279,0.41109707042471927,0.09535846929266203,116.01724009818541
1.4835032224655151,-9.785781860351562,8.244222640991211,0.4582059262039584,0.6065292866440275,0.45255971638692893,0.3388804577531324,0.5214273382600729,0.39653176494254505,0.07336572310019565,117.01709276853532
1.4263263940811157,-9.85528564453125,8.010851860046387,0.45202824333707176,0.5930209812782337,0.45119452870552046,0.31372546483287733,0.5152838291743941,0.41111108222116854,0.0903100581329549,117.00427342623003
1.5175265073776245,-9.843719482421875,8.01153564453125,0.4403543740320863,0.5686618392334456,0.4641390529229806,0.32113142138890605,0.5202312006886837,0.4289017049378548,0.12105183115207688,117.00427342623003
1.4990006685256958,-9.880508422851562,7.853110313415527,0.44314143661691924,0.5937737812374743,0.452504779995097,0.32743360076811323,0.514679037995324,0.41109707042471927,0.10176381674561953,115.00434774390054
1.4488071203231812,-9.942718505859375,7.821596622467041,0.4445999429411213,0.589120990537064,0.43931132376568827,0.33610646176455455,0.514679037995324,0.39653176494254505,0.15666113550539001,116.03878661895772
1.5203728675842285,-9.881973266601562,7.6821208000183105,0.4306751224584509,0.6166467942024465,0.4536973415462474,0.36814156194468944,0.5197413070657565,0.4289017049378548,0.15669023033985577,116.01724009818541
1.6629228591918945,-9.901107788085938,7.620526313781738,0.45310515788308253,0.5797314798912861,0.4524665503440917,0.34442592863991484,0.4826182679120954,0.4627249025536642,0.14710590112607505,116.01724009818541
1.7662092447280884,-9.9566650390625,7.196514129638672,0.497623841180537,0.5474665279908407,0.4420359342189323,0.35172411180562285,0.48725609535893305,0.43105947368708786,0.13541598997628568,115.00434774390054
1.6805415153503418,-9.994735717773438,6.940131187438965,0.46999658304771463,0.5939209849270487,0.41926928858476387,0.23529409862465803,0.5024866321517429,0.410025677540608,0.12522011809765393,116.01724009818541
1.6462591886520386,-10.055267333984375,7.037119388580322,0.4703964870892663,0.5938694507354683,0.4460674051575255,0.3230768977326855,0.5089076703485086,0.3770491535490523,0.1213742188592603,116.01724009818541
1.7454594373703003,-10.167236328125,7.144627571105957,0.47754508294991765,0.5754652470639805,0.4528457413741563,0.329803302634745,0.5005257491031373,0.4447300452321328,0.08793358431627386,115.0173899895142
1.7903282642364502,-10.33477783203125,7.033360004425049,0.4820158360286697,0.5892095112610973,0.43937867492091554,0.3207261475163575,0.49569582603482576,0.42118534209158354,0.02039518692004687,114.00438588054409
1.8271135091781616,-10.419235229492188,6.692355632781982,0.49407239925204127,0.5821916373455807,0.43937867492091554,0.3207261475163575,0.5089669878027625,0.4378378056473615,0.0043476616983177275,115.00434774390054
1.8047291040420532,-10.464370727539062,6.393492221832275,0.4721740310845028,0.571441186197229,0.4382280924661308,0.3175073939377699,0.487381690565765,0.4358620365904973,0.013155870231913131,114.0175425099138
1.6515254974365234,-10.461166381835938,5.989360809326172,0.44978559907356586,0.5554459434271808,0.4134644376352656,0.24230767105590323,0.502103036127622,0.40270267309541274,0.01285170819977785,110.04090148667449
1.6491707563400269,-10.461807250976562,5.530595302581787,0.45911844483377956,0.5727315077491503,0.4134644376352656,0.28495572823603366,0.49569582603482576,0.4190231062013737,0.006368005970499677,111.04053313993049
1.5896437168121338,-10.518295288085938,5.399962902069092,0.3432790204651419,0.40785421559287494,0.4083281439533882,0.17808217093787973,0.5571270552588331,0.30819668601689265,0.004462685050077182,112.04017136723775
1.341019868850708,-10.762115478515625,5.2734222412109375,0.17261147037050745,0.12236824547894763,0.5408770103784006,0.549999877016282,0.5921339971296854,-0.449999857697539,0.010680688070101644,113.01769772916099
1.3673619031906128,-11.19476318359375,4.9429450035095215,0.13088904652201663,0.12754990875045116,0.5797288441525029,1.4285710204082507,0.566788305854872,-0.166666611111125,0.010681942579984739,113.00442469213318
1.2892978191375732,-12.53021240234375,5.035616874694824,0.12455929024344045,0.1561412949238993,0.5611895773915339,1.0799996945299353,0.567370705736808,-0.37735838689770895,0.014974044730948011,114.00438588054409
0.6481665968894958,-14.287841796875,4.675257205963135,0.22830155667934954,0.24876140328080004,0.5382086961433925,0.35714278498911495,0.6053783439946913,-0.05999998800000181,0.014969438395480936,114.03946685248927
0.3411487936973572,-15.355438232421875,3.4022693634033203,0.46422636304013815,0.6355665250679213,0.4853209362469603,0.35714282487471993,0.6328175886387318,0.2941176247778242,0.026041715632171097,113.01769772916099
0.7250591516494751,-15.916244506835938,2.783623695373535,0.4462864708961962,0.5946226168646573,0.4986518510404546,0.3857142508646975,0.6090404269410248,0.3103448045343731,0.013512965092490175,111.00450441310929
1.1258553266525269,-16.155853271484375,1.867263913154602,0.4786075805402888,0.5975416634604861,0.4859221643036507,0.35766420301932655,0.6645519241882535,0.26896549726312335,0.015104773924214264,113.01769772916099
1.3944432735443115,-16.242202758789062,1.5107942819595337,0.4515843727887818,0.6109659725514756,0.5061881062199813,0.3999999649176815,0.578828812969017,0.32222219957875375,0.009090533415472687,110.00454536063498
1.482903242111206,-16.048416137695312,0.6726890206336975,0.5081090392289332,0.6331710277824754,0.5046153720974179,0.4079999673600019,0.6257041338124627,0.33505152233645474,0.009007546941652948,111.01801655587259
1.2069709300994873,-16.2530517578125,-0.23154230415821075,0.506273792039686,0.6605221698266895,0.4981697042861223,0.3999999683772252,0.6240017084077745,0.2931242257183633,0.013759151861137506,109.01834707974616
0.7271881699562073,-16.127822875976562,-1.186980128288269,0.43283027045421074,0.6330395215504446,0.47519055382608993,0.3230768947412043,0.5809110457951816,0.33289297448059363,0.012974436292530981,109.0
0.5494449734687805,-15.759689331054688,-1.3557100296020508,0.45674054477777837,0.6207974327639085,0.48942901170405084,0.3777037961413558,0.5857170875118379,0.28665783913606674,0.029958455776465755,108.01851693112621
0.6764883995056152,-15.558578491210938,-2.0530710220336914,0.47376259399021337,0.630400014761154,0.48427578920565656,0.39999996862142023,0.6216726278098397,0.3116021892287365,0.020760185353181693,112.0
0.9190130829811096,-15.390762329101562,-2.448136806488037,0.45458242017771283,0.6763395929167251,0.48952220023219783,0.36909867825001896,0.5871313504290568,0.33962261818405637,0.02057324477819268,113.01769772916099
1.200196385383606,-15.124130249023438,-2.740997552871704,0.46269305973805563,0.6606191535741002,0.46440384331248313,0.3380530689011331,0.5828681666893577,0.31651952354786667,0.020211739132187052,115.03912377969506
1.755092978477478,-15.008026123046875,-3.2905008792877197,0.48430427278201854,0.6087339695177345,0.46475669615024084,0.35294114793698705,0.5762012620649051,0.32660779521473093,0.014969438395480936,114.03946685248927
2.1852595806121826,-14.855743408203125,-4.158821105957031,0.4715444115255503,0.6631376475982385,0.4458880742076472,0.32698959217521406,0.567982907629985,0.3529411520132155,0.004805693290227439,104.04326023342406
2.4715561866760254,-14.683181762695312,-4.990543842315674,0.4728479106712807,0.6488908737567212,0.46645585928430855,0.3627450687130145,0.5983062304659688,0.2824716066721997,0.009427252430626462,106.07544484940895
2.7360551357269287,-14.467758178710938,-4.96834659576416,0.5089505527882872,0.6809243241121374,0.48451621283030966,0.39034479859212257,0.5778546547920015,0.36538459149867697,0.009899049440411388,101.01980003939822
2.759140729904175,-14.229766845703125,-5.358155727386475,0.4758867916160785,0.6589589374880009,0.46549352771490377,0.3235293856089048,0.6041565786062085,0.32702700298352305,0.014844937923489671,101.04454463255303
2.9605956077575684,-13.911865234375,-5.397739410400391,0.4926112563080325,0.649380798075185,0.4493715470091734,0.33827890569070806,0.5672464832641767,0.3799075954275415,0.02149171375192636,104.04326023342406
3.1403725147247314,-13.656204223632812,-5.3834381103515625,0.49910397707195847,0.6125850567558299,0.459475466662627,0.3236574499401366,0.5916021923553734,0.30270268044755855,0.01788906506067166,107.00467279516349
3.2341787815093994,-13.599456787109375,-5.67441463470459,0.4806122787971765,0.6294848382824526,0.46549352771490377,0.33749997331828374,0.5948417168359631,0.2965517021106232,0.01822729902948958,105.01904589168576
3.2221617698669434,-13.494796752929688,-5.761805534362793,0.4709068913291055,0.6671839189415608,0.45489600915511036,0.36319997094400175,0.5948417168359631,0.321336737884489,0.01346625789286406,105.01904589168576
3.2751505374908447,-13.344833374023438,-5.905256271362305,0.4744326331581622,0.6128330630322382,0.44966062279007546,0.3124999752947072,0.5841075611953574,0.3295999736320015,0.016411453819939605,104.01922899156675
3.5225472450256348,-13.214553833007812,-6.108856678009033,0.4451534133260495,0.6335822708984756,0.4735563840340321,0.3114186592144896,0.5533007161930071,0.3649851350873429,0.01672910670137813,102.04410811016969
3.7528810501098633,-13.077590942382812,-6.155216217041016,0.4263240962117719,0.6153248973890423,0.46343349908271914,0.3133207983730863,0.5617819288683357,0.3539325577412956,0.022785644380695972,102.04410811016969
3.8836441040039062,-12.896774291992188,-6.287074565887451,0.4442449395624853,0.6322291281515422,0.4735563840340321,0.3380530689011331,0.5499999831068847,0.325517217200498,0.024338410131253232,104.04326023342406
4.168917179107666,-12.307952880859375,-6.591310977935791,0.4108107809056598,0.4797830875282131,0.45175002467062736,0.3879309984642688,0.5905624221856102,0.25688070934024393,0.15420006721142476,104.04326023342406
4.361577987670898,-11.818496704101562,-6.778094291687012,0.3911574284352602,0.5196532771240777,0.45783131426912493,0.34352937843746,0.5787753152288126,0.28705438413821677,0.1494823429215425,104.04326023342406
4.6019110679626465,-11.237762451171875,-6.569214344024658,0.20799414366395957,0.15052070108483914,0.5067783576354736,0.3333332716999867,0.5914811045397962,-0.2682925991262937,0.12186736858188596,104.0768946500615
4.922582626342773,-11.171539306640625,-6.1664934158325195,0.14965702449291365,0.15009286182289888,0.4494637122997174,-0.27692300822692906,0.6342442018418138,-0.5999998211146017,0.10335402441713294,107.0420478129973
5.1378703117370605,-11.262466430664062,-5.381280899047852,0.19658741970467347,0.14962988792773166,0.48295903777537325,0.21428567099346896,0.5910602740155962,-0.15384611117691688,0.061193481593327194,109.04127658827184
4.990016460418701,-11.025985717773438,-4.809620380401611,0.3014616132065926,0.21281422741436373,0.4687595129617756,0.3819741988791135,0.6051385889976237,0.039999992000001205,0.08557037060917155,106.07544484940895
4.394728660583496,-10.866867065429688,-4.356600284576416,0.2496828097537158,0.19548755311037813,0.48006403909136564,0.25477702939685154,0.6056753506475466,-0.19672126110025367,0.021931386755114426,106.01886624558857
4.146138668060303,-10.768341064453125,-4.234560012817383,0.3242473201702823,0.41003153630673894,0.4618028317615645,0.33846149648055524,0.6331515100233025,0.15753422813735515,0.14084355321237793,107.0420478129973
4.034327983856201,-10.659637451171875,-3.9229252338409424,0.343670638827451,0.4668266975566549,0.4618028317615645,0.3211678444067595,0.6468064623937636,0.25201069776335044,0.11298695736638101,107.0420478129973
3.841731548309326,-10.688232421875,-3.507615804672241,0.35193716409830433,0.48962772922493614,0.4628895073955415,0.2830768916723607,0.5888437966145825,0.32075468760843484,0.10799935071019641,107.0420478129973
3.8546242713928223,-10.734405517578125,-3.448991537094116,0.3604879555092574,0.48044068235389836,0.45611488818554335,0.2666666385575341,0.6384631800311992,0.22857140791982075,0.06316723421795156,108.01851693112621
3.8503246307373047,-10.928970336914062,-3.12583065032959,0.4057495466861409,0.570256481223756,0.46834392042189105,0.339622610408931,0.587223569671049,0.3183999745280015,0.055020676948099596,110.01818031580054
3.92238450050354,-11.086334228515625,-2.9695942401885986,0.408959715296155,0.533880558719347,0.4605281630411422,0.3006681230688487,0.6131837763650841,0.2889305565835646,0.015232313374208408,112.0714058089752
4.139686107635498,-11.1839599609375,-3.021942377090454,0.3947897304690377,0.5833345622801893,0.4740960494289427,0.3577981308667683,0.5788206815597824,0.3175073939377699,0.013149802492252565,114.0701538527936
4.294678211212158,-11.220046997070312,-3.2644076347351074,0.432912446746707,0.5660426254857465,0.46733875437984956,0.29734510772455686,0.5965848278187931,0.32499997430649546,0.01662272612406325,115.15641536623133
4.56683349609375,-11.300949096679688,-3.37416672706604,0.4306689199799369,0.597928834235553,0.4916282022895617,0.3921568310410967,0.5936633496286308,0.33241376841237297,0.02037638228739174,114.10959644131601
4.6581220626831055,-11.3375244140625,-3.479276180267334,0.43562847857205494,0.5931560186382837,0.480158195961004,0.36938432926599557,0.5799999836765375,0.36078428763712284,0.08100031287001312,112.16059914247963
4.586137294769287,-11.310165405273438,-3.8360304832458496,0.47122553896325925,0.6035268709754931,0.48735156352658426,0.3837374888445386,0.6120126271199772,0.322758596715748,0.08782742436336374,115.15641536623133
4.813414573669434,-11.444076538085938,-3.6697566509246826,0.45424083224192924,0.6262836299450902,0.49661537359647884,0.42208771300501763,0.5893442454222053,0.33962261818405637,0.06447954349812597,111.11255554616679
4.911316871643066,-11.358474731445312,-3.5243077278137207,0.4439472107192553,0.6256956075249732,0.47945204404471786,0.3777037961413558,0.5871313504290568,0.3560411055760138,0.08132724902691922,112.21853679316978
5.014031410217285,-11.41424560546875,-3.74995756149292,0.4377307839036943,0.5768455349434373,0.49093882613580336,0.3860232630167161,0.6247190823937254,0.3234421115814665,0.020916678735670786,111.16204388189342
4.955636024475098,-11.409896850585938,-3.8692874908447266,0.4669418751376812,0.5659106101364436,0.5568422406842146,0.5391014535233449,0.6371792012881832,0.32801158603798597,0.01754314479156671,109.1146186356347
5.0473103523254395,-11.396331787109375,-4.094285488128662,0.461365199576437,0.5528953140295978,0.5820135608188524,0.5956738282757946,0.644827567839393,0.30079997593600144,0.016881369861796017,108.11567878897121
5.650038242340088,-11.101638793945312,-5.099415302276611,0.4526317177417713,0.5509701408765192,0.5467421966177449,0.5500981830617643,0.684912895028152,0.27256634874751046,0.011263676995901884,107.16809226630845
6.881255626678467,-10.628219604492188,-6.848466873168945,0.44100316918072474,0.5343525208909835,0.5299488047978652,0.5076922631647497,0.6698175224547385,0.29602885571230364,0.018658612033260837,102.59142264341595
7.589963436126709,-10.6864013671875,-7.988814830780029,0.4441254599831647,0.590630056272578,0.5301204691537236,0.5026548249629413,0.6726468208860774,0.28200689695534337,0.01649628784806147,103.4842983258813
7.97775936126709,-10.677902221679688,-9.148435592651367,0.4167236356141945,0.5992952511421085,0.5238095113378687,0.4779873776125696,0.6668292474644364,0.3627450687130145,0.011881294482430626,101.59724405711013
8.241851806640625,-10.544570922851562,-9.899945259094238,0.44453096732865366,0.5443732108189285,0.5125407274886008,0.4671532447599367,0.6633979275120783,0.3261231015141222,0.011708452113096486,103.0970416646375
8.481246948242188,-10.372390747070312,-10.537505149841309,0.4439129378996805,0.551520530632169,0.5190765705974618,0.4792387144578534,0.6456804535056901,0.3261296371009031,0.045243908194584764,105.22357150372724
9.100045204162598,-10.131103515625,-10.828922271728516,0.4552540340790127,0.5447952010573524,0.5316967381239027,0.4671279888217344,0.6404877848725714,0.3153845877235566,0.09687094137101834,115.57248807566617
9.46155071258545,-9.877532958984375,-10.408819198608398,0.4437130451099763,0.585530819880775,0.5420689527846874,0.5238937612289811,0.6755029377951758,0.2745097817287677,0.10072497174268102,114.75626344561765
9.699127197265625,-9.939682006835938,-10.191317558288574,0.469303499106813,0.5504209593993439,0.549915384571184,0.4974704481814593,0.6507352743893361,0.30442475314657014,0.07021583173713841,117.71151175649729
9.866266250610352,-10.19024658203125,-10.092486381530762,0.45163842002730575,0.5371590923228684,0.5303448151290389,0.4792387144578534,0.6526795697970327,0.2733944719909785,0.08783205367241702,121.82364302548172
9.935566902160645,-10.531143188476562,-10.15699577331543,0.45455093843575695,0.5391747348487755,0.506896539817742,0.4927006878327458,0.6547511115249451,0.2725631537351088,0.13510314752572897,122.64175471673585
10.003046989440918,-10.921035766601562,-10.267903327941895,0.46934035997934553,0.5670900806274743,0.5309185937913867,0.5016393036407308,0.6419612120819871,0.2647058609527403,0.14559524282386055,124.45882853377658
9.73184871673584,-10.92822265625,-10.004732131958008,0.4716799905128539,0.5922221316076441,0.5427427023383005,0.5071999594240024,0.6412398139154816,0.3028285942631135,0.1425416608118885,123.62847568420473
9.370670318603516,-11.434326171875,-10.065367698669434,0.4428714116579285,0.5314070668498088,0.5130090375730798,0.4525547058611887,0.6393442432631016,0.2725631537351088,0.10431890034270401,125.44720004846661
9.06854248046875,-11.940383911132812,-9.746676445007324,0.46864398417208175,0.5197700987663482,0.5489702044453508,0.53625627973459,0.6507352743893361,0.23819740282414015,0.02269940021024731,124.45882853377658
8.102415084838867,-11.883132934570312,-9.107067108154297,0.44429531074640954,0.5347529608412268,0.5968291453457147,0.6097560447380421,0.6975241991219678,0.26194688061449056,0.23652925928958204,128.9961239727768
7.329783916473389,-11.440536499023438,-9.16681957244873,0.460761541738118,0.5372149452913981,0.5498291860638179,0.4202626277579122,0.7229807694863944,0.2101313138789561,0.21627255999605696,129.65338406690356
7.0021586418151855,-10.931686401367188,-9.354507446289062,0.48185748496825515,0.5552295961255281,0.5427244900452028,0.46879996249600225,0.7246150196358284,0.21061945130489446,0.23706080016150574,128.76334882255898
6.9126691818237305,-11.12762451171875,-8.543999671936035,0.48558067395373516,0.5221550684192288,0.5839591755544715,0.5023999598080023,0.6816608802037384,0.23846151754707937,0.08229001816650149,122.3315167894194
6.962227821350098,-11.45904541015625,-8.037068367004395,0.48446699103879753,0.4813588404830427,0.5706390681771067,0.47499996244795495,0.6681789867896537,0.2201834651487805,0.09880270634386137,122.40914998479485
6.851035118103027,-11.53533935546875,-7.488438129425049,0.428789462577245,0.4335278528441359,0.5624535731020202,0.5155924685745285,0.6805053958878523,0.22921912056846983,0.11367798276638624,119.26860441876563
6.640821933746338,-11.524551391601562,-7.055377960205078,0.41930531404861626,0.3977844077506134,0.5956424072221979,0.5429863736849092,0.672124660543224,0.13230767762947296,0.12623662945470412,119.26860441876563
6.44420051574707,-11.851425170898438,-6.218392848968506,0.14179708929367454,0.18173238161641964,0.5908461943675227,1.4999996645898597,0.5796277996419235,-0.24615378509060362,0.012388235716526839,114.15778554264269
6.215106010437012,-12.321380615234375,-5.99249792098999,0.15269623495842835,0.12057832253326735,0.5675302123454138,1.206185322071169,0.6165938701646141,-0.6486484353743394,0.013261360584346774,113.11056537742175
6.037280559539795,-12.698989868164062,-5.490156173706055,0.12031838888494638,0.17936271811005372,0.43443395282884845,-0.5333331743240904,0.5772962337006274,-0.2499999410744454,0.01969375466835551,112.0714058089752
5.619834899902344,-12.533935546875,-4.82021951675415,0.15150492713777078,0.19219414079527009,0.47137451652555895,-0.09230766940897638,0.5598890790457098,0.0,0.013883533555925809,108.04165863221463
5.4541850090026855,-12.034896850585938,-4.507894039154053,0.34762112278458007,0.4309895793099603,0.5091011762849346,0.46742204656054853,0.6235618770787772,0.2662889234951004,0.01688137398308258,101.1236866416568
5.239751815795898,-11.717269897460938,-4.296936988830566,0.348474475385385,0.5060466343043651,0.5275182916051271,0.5155806816607262,0.6622641306021151,0.23981898171083488,0.03300565170418519,106.04244433244644
5.068173408508301,-11.480438232421875,-4.135025978088379,0.380617533113775,0.4959076470812362,0.5092647121734317,0.45647054395114545,0.6250790124097289,0.30172410991665355,0.0758747738707051,100.04498987955368
4.517401695251465,-11.542251586914062,-3.4397056102752686,0.4590999493195021,0.5441774898479855,0.5078899801986442,0.4551723799837472,0.6159308850448774,0.27150082087191507,0.008763504795431688,114.10959644131601
4.070515155792236,-11.799423217773438,-3.2425177097320557,0.3786774234677005,0.5475884458826052,0.5354947453833733,0.4655171981571226,0.6102563942989268,0.3124999752947072,0.006198876342357035,114.0701538527936
3.854325532913208,-12.120376586914062,-3.5286803245544434,0.49176657848052957,0.535155956626725,0.5219307803134571,0.4174022402165094,0.5793720246463899,0.3497822665272329,0.014965411337192078,114.0701538527936
3.874281644821167,-12.181732177734375,-3.8540804386138916,0.48601922541736403,0.5968547577648912,0.5119170874594664,0.4193103136819974,0.6200743325347539,0.3333333099090556,0.010671918859416658,113.11056537742175
3.823720693588257,-12.181976318359375,-4.1378045082092285,0.48883240313418075,0.5936640150957461,0.5117646946679072,0.4135134831113969,0.6302696370159858,0.2960339720515061,0.014965411337192078,114.0701538527936
3.5762600898742676,-12.20318603515625,-4.003335952758789,0.48374244488788093,0.5693940748455177,0.49970040847259006,0.4135134831113969,0.60929366368373,0.30344825332249814,0.008768893990964189,114.03946685248927
3.521855592727661,-12.274734497070312,-4.419261932373047,0.5152577948749919,0.5946370608234456,0.5114804958689768,0.4575471383868537,0.5942079396414978,0.29999997891815,0.017233980793076645,111.07204868912791
3.3615100383758545,-12.25634765625,-4.411522388458252,0.471284937123869,0.6064401404341347,0.4844938455737371,0.40270267309541274,0.5799256347447338,0.33289297448059363,0.008915786855523022,112.16059914247963
3.1456379890441895,-12.044158935546875,-4.4957804679870605,0.506131094662401,0.5767297382452959,0.4951219402840978,0.42118534209158354,0.6079634990688427,0.2938144118950449,0.012614342911184994,112.11155159036913
2.6083788871765137,-11.945175170898438,-4.859274864196777,0.481424500912869,0.6363831229871962,0.4824069243434408,0.39034479859212257,0.5999999837302161,0.30769228699468426,0.021922234977410474,114.03946685248927
2.132495164871216,-11.897598266601562,-4.571854114532471,0.47111682220903606,0.5825086750677755,0.4668739433884698,0.3426966035272862,0.5765124401355117,0.3606557120903978,0.012295649869591025,115.0173899895142
1.8162727355957031,-11.663467407226562,-4.29350471496582,0.5061462791559447,0.6142336822811654,0.47088790811378883,0.3865545950620932,0.6061353858781094,0.3172496763947718,0.020388912925641517,114.03946685248927
1.4221105575561523,-11.813934326171875,-4.3942952156066895,0.5388492222112125,0.6323892065939378,0.4704042525872554,0.3919915446245934,0.5852946075741857,0.3190045034283124,0.023164814270428897,113.01769772916099
1.0578687191009521,-11.96026611328125,-4.366092681884766,0.5194861571144798,0.616497023774896,0.48292681860222353,0.39495795582431265,0.5746606180218203,0.32222219957875375,0.020043572127692096,116.00431026474836
0.7639045715332031,-12.164810180664062,-4.374593257904053,0.5043149841729576,0.6195055906433776,0.4657224368747328,0.3867924262651753,0.5669957536311809,0.3225433306675512,0.026648889686848386,117.00427342623003
0.5405828952789307,-12.447158813476562,-4.366018295288086,0.5078578815431007,0.6187210859447877,0.4728013875812364,0.39622638788139913,0.569464018727834,0.3225433306675512,0.01823992894005243,121.00413216084813
0.36485129594802856,-12.60491943359375,-4.442760467529297,0.509325967490486,0.594068214691497,0.4660266695580687,0.3867924262651753,0.5825278651570499,0.32222219957875375,0.026438541795929943,121.00413216084813
0.22545978426933289,-12.36669921875,-4.2417802810668945,0.4837419405638962,0.6119196034412347,0.47195120908853655,0.39034479859212257,0.5825278651570499,0.32222219957875375,0.17649659542210605,123.00406497347964
0.2538207471370697,-11.84326171875,-4.244739532470703,0.4464399846703349,0.6419711910225592,0.4730524148107342,0.3855999691520018,0.5933085340080739,0.3664739635183288,0.16310444334214216,124.00403219250575
